justgiving_id,charity_registration_id,charity_name,charity_url
,1115297,,
,1036733,,
2357,1089464,Cancer Research UK,https://www.justgiving.com/cancerresearchuk
18570,213890,Save the Children,https://www.justgiving.com/savethechildren
,1115413,,
179,207544,Sightsavers,https://www.justgiving.com/sightsavers
,209603,,
2116,261017,Macmillan Cancer Support,https://www.justgiving.com/macmillan
13441,202918,Oxfam,https://www.justgiving.com/oxfam
11033,220949,The British Red Cross Society,https://www.justgiving.com/redcross
2013,216401,NSPCC,https://www.justgiving.com/nspcc
182066,219099,RSPCA (England and Wales),https://www.justgiving.com/rspcahq
11076,1105851,Christian Aid,https://www.justgiving.com/christianaid_
,1129044,,
15416,207076,RSPB,https://www.justgiving.com/rspb
18963,214779,The Salvation Army,https://www.justgiving.com/salvationarmy
,1131066,,
,1021457,,
183092,225971,British Heart Foundation,https://www.justgiving.com/britishheartfoundation
,297241,,
181813,1072612,Unicef UK,https://www.justgiving.com/unicef
,1116657,,
,229476,,
50,207994,Marie Curie,https://www.justgiving.com/mariecurie
114908,1062638,Disasters Emergency Committee,https://www.justgiving.com/dec
,1127514,,
183560,205846,National Trust,https://www.justgiving.com/nationaltrust
156,226227,RNIB - Royal National Institute of Blind People,https://www.justgiving.com/rnib
20851,219279,The Royal British Legion,https://www.justgiving.com/britishlegion
40885,265464,Tearfund,https://www.justgiving.com/tearfund
55,208217,PDSA,https://www.justgiving.com/pdsa
2751568,1127929,Stonyhurst College,https://www.justgiving.com/stonyhurst
52893,285908,World Vision UK,https://www.justgiving.com/worldvisionuk
181822,326568,Comic Relief,https://www.justgiving.com/comicrelief1
,207043,,
,1123956,,
24267,227523,Dogs Trust,https://www.justgiving.com/dogstrust
11088,274467,ActionAid,https://www.justgiving.com/actionaid
2261,209617,Guide Dogs,https://www.justgiving.com/guidedogs
,211775,,
70625,313757,Voluntary Service Overseas,https://www.justgiving.com/vso
,234714,,
11378,328158,Islamic Relief,https://www.justgiving.com/islamicrelief
11421,276035,Plan International UK,https://www.justgiving.com/planuk
11496,1128267,Age UK,https://www.justgiving.com/ageuk
,1079309,,
2344,1081247,WWF-UK,https://www.justgiving.com/wwf
,1123636,,
88,216250,Barnardo's,https://www.justgiving.com/barnardos
,235825,,
,209631,,
2353734,251549,Porth Elim Church,https://www.justgiving.com/elim-church
,1079666,,
,285776,,
181821,802052,BBC Children in Need,https://www.justgiving.com/childreninneed
183396,1120920,Help for Heroes,https://www.justgiving.com/helpforheroes
,1020101,,
54697,288701,WaterAid,https://www.justgiving.com/wateraid
,290859,,
,242451,,
,225838,,
,1034245,,
,298582,,
2956214,1086915,Youth Sport Trust UK,https://www.justgiving.com/youthsporttrustuk
2201,296645,Alzheimer's Society,https://www.justgiving.com/alzheimerssoc
2698094,212481,RSC,https://www.justgiving.com/royalshakespearecompany
,1133373,,
13792,203644,Cats Protection,https://www.justgiving.com/cats
61216,298909,Southbank Centre,https://www.justgiving.com/southbankcentre
,1091043,,
,224223,,
73,263710,Shelter,https://www.justgiving.com/shelter
30309,241083,The Diocese of London,https://www.justgiving.com/ldf
,327114,,
,295224,,
,1134907,,
54076,287780,BFI,https://www.justgiving.com/britishfilminstitute
40550,264818,The Donkey Sanctuary,https://www.justgiving.com/donkeysanctuary
182015,802559,Jewish Care,https://www.justgiving.com/jewishcare
128190,1077216,Compassion UK,https://www.justgiving.com/compassionuk
184169,233699,St Joseph's Pastoral Centre,https://www.justgiving.com/sjpc
,1109476,,
253,1026588,Medecins Sans Frontieres / Doctors Without Borders (MSF),https://www.justgiving.com/msfuk
183439,1132208,The Methodist Church World Mission Fund,https://www.justgiving.com/mcfworldmission
166,221124,The Children's Society,https://www.justgiving.com/childrenssociety
187556,1060579,Liverpool Hope University (Global Hope),https://www.justgiving.com/liverpoolhope
183,207711,Versus Arthritis,https://www.justgiving.com/versusarthritis
19172,215199,Diabetes UK,https://www.justgiving.com/diabetesuk
11135,1081849,World Animal Protection,https://www.justgiving.com/worldanimalprotection
11265,1001349,Samaritan's Purse,https://www.justgiving.com/samaritans-purse
,207495,,
2074,224392,Blue Cross,https://www.justgiving.com/bluecrossanimal
,700520,,
,1065995,,
,216647,,
,1053902,,
190401,281942,Relief Chest Scheme - The Grand Charity,https://www.justgiving.com/grandcharity
,1125521,,
,294230,,
,235468,,
,1089625,,
186791,1001813,The HALO Trust,https://www.justgiving.com/halotrust
3248196,257210,English National Opera,https://www.justgiving.com/e-nationalopera
12439,1075032,Youth Music,https://www.justgiving.com/Youth-Music
,1082216,,
182068,1096479,ShelterBox,https://www.justgiving.com/shelterbox
188968,511726,Opera North,https://www.justgiving.com/operanorth
,1074930,,
187915,242552,Radlett Synagogue,https://www.justgiving.com/radlettsynagogue
11191,294344,Woodland Trust,https://www.justgiving.com/woodlandtrust
,800058,,
130521,1079675,The Prince's Trust,https://www.justgiving.com/theprincestrust
,1046769,,
,1121325,,
,1102949,,
2443640,249505,"St Mary the Virgin Church ,South benfleet",https://www.justgiving.com/920ae61c81
,528384,,
185736,247954,Oxford Diocesan Board of Finance,https://www.justgiving.com/odbf
,249678,,
,1105278,,
76,211015,Stroke Association,https://www.justgiving.com/stroke
,326839,,
11233,258197,Parkinsonâ€™s UK,https://www.justgiving.com/parkinsons
19588,216227,Blind Veterans UK,https://www.justgiving.com/blindveterans
,288467,,
,306087,,
11205,1077265,St John Ambulance,https://www.justgiving.com/sja
145664,1095197,The Royal Marsden Cancer Charity,https://www.justgiving.com/rmcc
,298175,,
2182,216032,Blood Cancer UK,https://www.justgiving.com/bloodcanceruk
2183,1092236,"Concern Worldwide, UK",https://www.justgiving.com/concernworldwide
,1024806,,
,309267,,
,1069380,,
,210183,,
752742,1107328,Manchester Airport,https://www.justgiving.com/MAG-clic-comicreleif
,1007102,,
148384,1097940,Action for Children,https://www.justgiving.com/actionforchildren
,294540,,
,1045587,,
,312715,,
,234216,,
,1063906,,
11232,1016532,The National Deaf Children's Society,https://www.justgiving.com/ndcs
,1045672,,
189531,1100277,The Rugby Football Foundation,https://www.justgiving.com/rfufoundation
177,208231,Scope,https://www.justgiving.com/scope
,1076356,,
187907,1107827,Lichfield Diocesan Board of Finance,https://www.justgiving.com/lichfielddbf
309,207720,RNID,https://www.justgiving.com/RNID
112719,1060078,United Jewish Israel Appeal,https://www.justgiving.com/ujia
,1120522,,
,243134,,
,1080999,,
,232709,,
,246871,,
,1104484,,
136403,1085760,Brooke,https://www.justgiving.com/thebrooke
182087,1105056,Muslim Hands,https://www.justgiving.com/muslimhands
189608,250037,Salford Diocesan Lourdes Pilgrimage,https://www.justgiving.com/dioceseofsalfors
,1097482,,
,211659,,
105857,1052076,Sue Ryder,https://www.justgiving.com/sueryder
,1110346,,
66,1082947,Crisis,https://www.justgiving.com/crisis
2366,1049751,The Christie,https://www.justgiving.com/christies
,1095623,,
2254,1081009,The Royal Air Force Benevolent Fund,https://www.justgiving.com/rafbenev
,1105069,,
,1125383,,
,1062636,,
,700370,,
,299081,,
182481,1114748,The Smile Train,https://www.justgiving.com/smiletrainuk
322,218186,Leonard Cheshire Disability,https://www.justgiving.com/cheshire
,1058226,,
,215174,,
,1077961,,
,227848,,
99181,1043985,UCKG HelpCentre,https://www.justgiving.com/uckg
11369,222377,Mencap,https://www.justgiving.com/mencap
2157,1005541,PROSTATE CANCER UK,https://www.justgiving.com/prostatecancer
,291834,,
,309998,,
100,289868,Sense,https://www.justgiving.com/sense
745342,249276,"St Gabriels Church, Popley",https://www.justgiving.com/stgabriels-pcc
,1112540,,
,248887,,
,1079020,,
,249798,,
,1127397,,
2262,1029161,CAMFED,https://www.justgiving.com/camfed
,1113016,,
,293072,,
,1059247,,
,1120199,,
2744060,248968,Tarvin PCC,https://www.justgiving.com/tarvinpcc
134219,1095322,Ark,https://www.justgiving.com/arkonline
105531,1051681,Amnesty International UK,https://www.justgiving.com/amnesty
188343,298405,Children with Cancer UK,https://www.justgiving.com/CWCUK
2750964,240833,Salisbury DBF,https://www.justgiving.com/salisburydbf
116650,1064598,Mission Aviation Fellowship UK,https://www.justgiving.com/mafuk
,244976,,
311,294354,Motor Neurone Disease Association,https://www.justgiving.com/mndassoc
,259140,,
2364517,306101,5th Crosby Scout Group,https://www.justgiving.com/5thcrosbyscouts
185295,249424,Manchester Diocesan Board of Finance,https://www.justgiving.com/mandbf
111821,1059050,Norwood,https://www.justgiving.com/norwood
,248245,,
,1031031,,
2658775,1092935,Barnabas Fund,https://www.justgiving.com/barnabasfund
,263960,,
,249339,,
,293232,,
,1061012,,
,1120102,,
,1127725,,
2923923,252878,The Diocese of Arundel & Brighton,https://www.justgiving.com/abdiocese
,309144,,
,1039457,,
,297540,,
2170,206394,Battersea,https://www.justgiving.com/battersea
188634,249398,Bath & Wells Diocesan Board of Finance,https://www.justgiving.com/bathwells
,230791,,
34106,249740,Diocese of Liverpool,https://www.justgiving.com/liverpooldiocesanbf
26598,232759,Bible Society,https://www.justgiving.com/biblesociety
,1050537,,
,211645,,
,1008196,,
,307992,,
,231323,,
130370,1079501,GODTV,https://www.justgiving.com/angel-foundation
,1093434,,
,235686,,
,247647,,
,1135111,,
2298,247257,Practical Action,https://www.justgiving.com/practicalaction
15548,207316,Nightingale Hammerson,https://www.justgiving.com/nightingalehammerson
,218084,,
188023,249318,Diocese of Norwich,https://www.justgiving.com/dioceseofnorwich
589137,803007,City Lit,https://www.justgiving.com/city-lit
188376,1120355,Hillsong,https://www.justgiving.com/hillsong
,1068298,,
27194,234092,Brentwood Roman Catholic Diocesan Trust,https://www.justgiving.com/brcdt
,234025,,
,249355,,
,1120090,,
11484,506120,"LOROS, the Leicestershire and Rutland Hospice",https://www.justgiving.com/loros
3174330,214005,English National Ballet,https://www.justgiving.com/balletuk
,244708,,
,1102114,,
,232391,,
,273425,,
73223,1003314,Children's Hospice South West,https://www.justgiving.com/chsw
114842,1062559,Teenage Cancer Trust,https://www.justgiving.com/teenagecancertrust
11206,210667,St Christopher's Hospice,https://www.justgiving.com/stchristophers
16823,210119,Royal Star & Garter,https://www.justgiving.com/starandgarter
,225922,,
,249403,,
,266220,,
,1048771,,
113059,1060458,Wales Millennium Centre,https://www.justgiving.com/wmc
11063,206002,Combat Stress,https://www.justgiving.com/combatstress
,312819,,
,251988,,
300,219830,Mind,https://www.justgiving.com/mind
,249359,,
182938,256789,St Barnabas House,https://www.justgiving.com/stbarnabashouse
,1127633,,
33970,249404,Diocese of Leeds,https://www.justgiving.com/DioceseofLeeds
11151,209259,"Variety, the Children's Charity",https://www.justgiving.com/varietyGB
,1083994,,
226,269425,National Autistic Society,https://www.justgiving.com/nationalautistic
180,292506,CARE International UK,https://www.justgiving.com/care
11372,1083995,MHA,https://www.justgiving.com/mha
405831,1017658,Roadchef Charity of the Year,https://www.justgiving.com/roadchefcharityoftheyear
,257318,,
,327354,,
182018,1103669,Gurkha Welfare Trust,https://www.justgiving.com/gwt
17115,210760,SSAFA,https://www.justgiving.com/ssafa
22285,222655,Liverpool School of Tropical Medicine,https://www.justgiving.com/lstm
183533,1116530,Livability,https://www.justgiving.com/livability
,1123122,,
184017,1071737,Keep Britain Tidy,https://www.justgiving.com/keepbritaintidy
,242575,,
,222879,,
,243877,,
,250569,,
,251234,,
,272099,,
,288180,,
,233977,,
319,288527,Terrence Higgins Trust,https://www.justgiving.com/TerrenceHiggins
23943,226686,The RAF Association (RAFA),https://www.justgiving.com/rafa
11490,1011102,Fauna & Flora International,https://www.justgiving.com/faunaandflora
15566,207360,Royal Masonic Benevolent Institution,https://www.justgiving.com/rmbi
,1068204,,
,1066806,,
,206504,,
,310007,,
,229771,,
,279884,,
,1087445,,
11160,1010930,Princess Alice Hospice,https://www.justgiving.com/princessalice
23645,225910,JNF Charitable Trust,https://www.justgiving.com/jnf
,511149,,
,209174,,
148739,1098294,Teach First,https://www.justgiving.com/teach-first
,299509,,
26451,232402,Camphill Village Trust,https://www.justgiving.com/camphill
,1111804,,
793680,212808,The Royal College of Surgeons of England,https://www.justgiving.com/royalcollegeofsurgeons
182965,1124127,Catch22,https://www.justgiving.com/catch22
11488,700859,Acorns Children's Hospice Trust,https://www.justgiving.com/acorns
2946267,230538,Liverpool Philharmonic,https://www.justgiving.com/liverpoolphil
2982131,1127255,The Prince of Wales's Charitable Fund (PWCF),https://www.justgiving.com/pwcf
11301,803716,Anthony Nolan,https://www.justgiving.com/anthonynolan
,211014,,
189360,506276,CBSO,https://www.justgiving.com/cbso
,313219,,
11287,230165,Jesuit Missions,https://www.justgiving.com/jesuitmissions
,310033,,
233,292411,Centrepoint,https://www.justgiving.com/centrepoint
182585,306016,Girlguiding,https://www.justgiving.com/girlguiding
,1098520,,
2049,238045,London Philharmonic Orchestra,https://www.justgiving.com/lpo
36578,255424,Royal Exchange Theatre Company Limited,https://www.justgiving.com/xedjztposn
,312738,,
60516,297877,Ben Support For Life,https://www.justgiving.com/BEN
,1079552,,
,234434,,
,1000566,,
58069,293968,Pilgrims Hospices In East Kent,https://www.justgiving.com/pilgrimshospice
,284545,,
34341,250277,Philharmonia,https://www.justgiving.com/philharmonia
,206807,,
278,258085,St Ann's Hospice,https://www.justgiving.com/stannshospice
63355,306122,Youth Hostels Association (England And Wales),https://www.justgiving.com/yha
735144,268369,Women V Cancer - Cycle Brazil,https://www.justgiving.com/womenvcancer-cyclebrazil
2263,313069,Hft,https://www.justgiving.com/hft
447637,306077,Chester Zoo,https://www.justgiving.com/chesterzoo
247450,291558,Groundwork,https://www.justgiving.com/GroundworkUK
3176528,1128090,"Outward Bound International, The Outward Bound Trust, OB USA, & NYC Outward Bound Schools",https://www.justgiving.com/thebigrappel
,527951,,
2108,212810,YMCA England & Wales,https://www.justgiving.com/ymcaeng
,1068661,,
,1099725,,
31318,243312,The Landmark Trust,https://www.justgiving.com/rhccsyccxn
144334,1093861,International Medical Corps UK,https://www.justgiving.com/imcuk
2685691,1119619,St Paul's School,https://www.justgiving.com/stpauls-school
11075,1014576,Refugee Council,https://www.justgiving.com/refugeecouncil
,1038483,,
2278,269177,St Peter's Hospice,https://www.justgiving.com/sph
2673388,287232,Pield Heath School,https://www.justgiving.com/pieldheathschool
,802038,,
,274605,,
,299758,,
2806106,1107705,JCoSS - Jewish Community Secondary School,https://www.justgiving.com/j-coss
2176,326550,Sustrans,https://www.justgiving.com/sustrans
3177831,1072590,The Old Vic,https://www.justgiving.com/oldvictheatre
,266916,,
,209642,,
38875,261009,The Conservation Volunteers (TCV),https://www.justgiving.com/btcv
,529909,,
183324,1107385,Depaul International,https://www.justgiving.com/depaulinternational
,1015324,,
,309681,,
182153,212563,Barts Charity,https://www.justgiving.com/bartscharity
189411,236803,Daughters of Charity St Vincent de Paul,https://www.justgiving.com/stvdp
60613,298028,Victim Support,https://www.justgiving.com/victimsupport
2141,288018,The Children's Trust,https://www.justgiving.com/childrenstrust
,309268,,
188,287785,Disabled Living Foundation,https://www.justgiving.com/dlf
99110,1043886,The Fairtrade Foundation,https://www.justgiving.com/fairtrade
17102,210729,Independent Age,https://www.justgiving.com/Independentage
3245723,306983,Girls' Day School Trust,https://www.justgiving.com/gdst
,1088552,,
,309089,,
11220,1084958,DEBRA,https://www.justgiving.com/debra
,251983,,
157,265543,MSI Reproductive Choices,https://www.justgiving.com/mariestopesinternational
,1096270,,
148389,1097977,Tonbridge School,https://www.justgiving.com/tonbridgeschool
,528752,,
,1068852,,
56275,291222,Volunteering Matters,https://www.justgiving.com/VolunteeringMatters
,310639,,
644938,208944,King Edward VII's Hospital,https://www.justgiving.com/kingedwardvii-hospital
16186,208728,Zoological Society Of London,https://www.justgiving.com/zsl
183627,207812,Turn2us,https://www.justgiving.com/turn2us
185481,206862,Soil Association,https://www.justgiving.com/soilass
,1057971,,
183531,306975,Christ's Hospital,https://www.justgiving.com/christshospital
182720,251051,Queen Elizabeth's Foundation for Disabled People (QEF),https://www.justgiving.com/qef
,228906,,
,309921,,
181853,327553,International Alert,https://www.justgiving.com/internationalalert
2359,313013,The Marine Society & Sea Cadets,https://www.justgiving.com/seacadets
181931,327816,ExtraCare Charitable Trust,https://www.justgiving.com/ecct
11557,200719,The Abbeyfield Society,https://www.justgiving.com/abbeyfield
,310638,,
2228,220239,National Star,https://www.justgiving.com/nationalstar
78283,1015988,Royal Voluntary Service,https://www.justgiving.com/RoyalVoluntaryService
11194,277424,Refuge,https://www.justgiving.com/refuge
,1102759,,
515235,1070856,Cranleigh School,https://www.justgiving.com/cranleigh-school
,293074,,
11052,295072,Revitalise Respite Holidays,https://www.justgiving.com/revitaliserespiteholidays
215,1042125,BirdLife International,https://www.justgiving.com/birdlifeint
17325,211234,Papworth Trust,https://www.justgiving.com/papworth
,1053142,,
2777544,213121,Central YMCA,https://www.justgiving.com/central-ymca
2156,235822,SS John and Elizabeth Charity,https://www.justgiving.com/stjohns
,1048066,,
,297716,,
15498,207238,The Wildlife Trusts,https://www.justgiving.com/wildlifetrusts
11407,226171,Nacro,https://www.justgiving.com/nacro
2329,311877,Young Epilepsy,https://www.justgiving.com/youngepilepsy
3054718,251211,Fulneck Moravian Church,https://www.justgiving.com/fulneck-moravian-church
143344,1092857,Treloar's,https://www.justgiving.com/treloartrust
,311083,,
,1120354,,
,310212,,
2787589,312714,Latymer Foundation,https://www.justgiving.com/latymerfoundation
,309243,,
,526702,,
2334,206186,Epilepsy Society,https://www.justgiving.com/epilepsysociety
190136,525761,UWC Atlantic College,https://www.justgiving.com/atlanticcollege
,1127431,,
,310268,,
,1074857,,
,313364,,
11375,205907,Royal Hospital for Neuro-disability,https://www.justgiving.com/rhnuk
,529051,,
,296729,,
11371,1001957,We Are With You,https://www.justgiving.com/wearewithyoucharity
,1119613,,
,233236,,
,227931,,
2351,255913,SeeAbility - The Royal School for the Blind,https://www.justgiving.com/seeability
,1081228,,
51497,283660,Refugee Action,https://www.justgiving.com/refugeeaction
,221538,,
26541,232632,De La Salle Brothers - Lasallian Developing World Projects,https://www.justgiving.com/ldwp
,1093913,,
,210252,,
85173,1026493,Ampleforth Abbey,https://www.justgiving.com/ampleforthabbey
,529113,,
,313000,,
217340,1108428,Saint John of God Hospitaller Services,https://www.justgiving.com/saintjohnofgod
43716,271028,Rethink Mental Illness,https://www.justgiving.com/rethink
127261,1076235,BBC Media Action,https://www.justgiving.com/bbcmediaaction
,206219,,
,1110703,,
,299745,,
,272465,,
,312728,,
,279756,,
,1115843,,
,309148,,
2946374,1081182,Spurgeons Children's Charity,https://www.justgiving.com/spurgeons-charity
,312755,,
,1001127,,
56830,292058,Mildmay Mission Hospital,https://www.justgiving.com/mildmay
133729,1083008,MAG (Mines Advisory Group),https://www.justgiving.com/mag
,1104425,,
,1064230,,
,1017706,,
,1058056,,
,242715,,
183302,801395,NCT,https://www.justgiving.com/tnct
,307061,,
,1076579,,
,528413,,
811952,312699,Godolphin and Latymer School,https://www.justgiving.com/godolphin-latymerschool
,1114424,,
69703,312008,Reed's School,https://www.justgiving.com/reedsschool
3235721,1105455,International Health Partners (UK) Ltd,https://www.justgiving.com/ihpuk
,1064397,,
,1057185,,
,255460,,
,224469,,
11130,264713,Family Action,https://www.justgiving.com/familyaction
184620,702632,Autism Initiatives UK,https://www.justgiving.com/autisminitiativesuk
75027,1007878,Autism Together,https://www.justgiving.com/autism-together
,250058,,
68204,309486,Marlborough College,https://www.justgiving.com/marlborough-college
,1080672,,
,313999,,
,1088057,,
,310024,,
,1016538,,
121883,1070227,Prior's Court Foundation,https://www.justgiving.com/priorscourt
,229226,,
790162,211235,Enham Trust,https://www.justgiving.com/enham-trust
,1064758,,
,1126523,,
,206882,,
182196,515943,Percy Hedley Foundation,https://www.justgiving.com/percyhedley
,1016630,,
,250840,,
,236627,,
,1070858,,
,309676,,
,1098136,,
,1127209,,
2221,265249,United Response,https://www.justgiving.com/united-response
,310018,,
,1103346,,
687845,210566,RIBA,https://www.justgiving.com/riba
,1120654,,
,1124853,,
184990,309093,The Wellington College,https://www.justgiving.com/wco
,1046624,,
,528961,,
,204817,,
3206879,1081420,Taunton School,https://www.justgiving.com/tauntonschool
3135529,307335,St Swithuns School (Winchester),https://www.justgiving.com/stswithunswinchester
,1060571,,
232574,1126997,Essential Christian,https://www.justgiving.com/essentialchristian
183566,1113729,Thomas Pocklington Trust,https://www.justgiving.com/thomaspocklington
,1063740,,
17260,211091,Together for Mental Wellbeing,https://www.justgiving.com/together
,313194,,
,1113255,,
,312064,,
,1091318,,
117937,1065972,International Rescue Committee UK,https://www.justgiving.com/IRCUK
449341,1052679,In Kind Direct,https://www.justgiving.com/inkinddirect
,518286,,
,1115098,,
,1092298,,
,1131425,,
,1053705,,
3192261,326508,Brendoncare,https://www.justgiving.com/brendoncarefoundation
,1063732,,
2895422,526622,The Bury Grammar School 450 Bursary Fund,https://www.justgiving.com/burygrammarsch
2175,800797,The Disabilities Trust,https://www.justgiving.com/disabilitiestrust
,1101358,,
,312054,,
3182035,1092655,Seashell Trust,https://www.justgiving.com/seashelltrust
2980780,1120005,Hampton School Form Charity,https://www.justgiving.com/hamptonschool
182010,527552,Sunfield Children's Homes Limited,https://www.justgiving.com/sunfield
2671691,306210,Bryanston School,https://www.justgiving.com/bryanstonschoolinc
,307071,,
23706,226064,Friends Of The Elderly,https://www.justgiving.com/fote
,525616,,
,274403,,
3181831,1096526,Early Years Alliance,https://www.justgiving.com/eyalliance
2810112,230011,Licensed Trade Charity,https://www.justgiving.com/licensedtradecharity
39421,262259,Norwich Theatre Royal,https://www.justgiving.com/theatreroyal-norwichtrust
,311436,,
,307942,,
,222930,,
,310013,,
184940,1078461,KGS FOUNDATION,https://www.justgiving.com/kgs
,228636,,
,296694,,
186987,801571,Brandon Trust,https://www.justgiving.com/brandontrust
,306315,,
,311722,,
402030,249972,The Diocese of Canterbury,https://www.justgiving.com/dioceseofcanterbury
,213280,,
181721,1099776,Malaria Consortium,https://www.justgiving.com/malariaconsortium
76055,1011290,FitzRoy,https://www.justgiving.com/fitzroysupport
,312028,,
,210508,,
,1102927,,
,298149,,
,311720,,
198896,515060,Local Solutions,https://www.justgiving.com/localsolutions
48589,279057,Citizens Advice,https://www.justgiving.com/citizensadvice
,214339,,
,1104251,,
,311060,,
,290286,,
,1068532,,
,312046,,
187956,295785,Magdalen College School Oxford,https://www.justgiving.com/mcsoxford
,1071097,,
,515691,,
,310486,,
,311280,,
,1076483,,
,311057,,
,223106,,
,1048304,,
,205533,,
,1081765,,
,1058438,,
,1107432,,
,1063808,,
99752,1044658,Guild Care,https://www.justgiving.com/guildcare
,1089826,,
,1127049,,
,1125485,,
,208745,,
200317,517954,Autism East Midlands,https://www.justgiving.com/autismeastmidlands
,290544,,
69008,310870,Felsted Tag 5,https://www.justgiving.com/felstedschool
,525934,,
,312748,,
183073,1043129,Hollybank,https://www.justgiving.com/hbt
183841,258825,NCB,https://www.justgiving.com/n-c-b
144932,1094467,Earthwatch,https://www.justgiving.com/earthwatch
,1098236,,
2808505,312612,John Whitgift Foundation,https://www.justgiving.com/thewhitgiftfoundation
15786,207782,St Christopher's Fellowship,https://www.justgiving.com/st-christophers-fellowship
,254543,,
,1050146,,
,527618,,
,1088415,,
,1088030,,
,311056,,
,1002727,,
2645129,1081898,Reigate Grammar School Foundation,https://www.justgiving.com/reigategrammarschool
113468,1060941,Framework,https://www.justgiving.com/framework
410133,1026475,Spectrum,https://www.justgiving.com/spectrum-asd
11066,1063717,Autism Anglia,https://www.justgiving.com/autismanglia
,207890,,
221,234887,Turning Point,https://www.justgiving.com/turningpoint
,1109650,,
,1092932,,
,529834,,
,229662,,
188309,201555,Brunelcare,https://www.justgiving.com/brunelcare
,1071298,,
,312765,,
,1076822,,
,311780,,
,527276,,
,1002775,,
,1071997,,
,288285,,
187011,294555,Hestia Housing and Support,https://www.justgiving.com/hestia
3221400,1057744,The Royal College of Paediatrics and Child Health,https://www.justgiving.com/rcpch1
,264873,,
3069615,311270,100 years of education at Taverham Hall & the BHF 60th anniversary,https://www.justgiving.com/langleyschool
,1017853,,
,1037868,,
,1014697,,
,311714,,
183490,1093070,Eden Project,https://www.justgiving.com/edenproject
,309482,,
189111,311735,Clifton College,https://www.justgiving.com/clifton-college
3127128,1112775,The Workers' Educational Association,https://www.justgiving.com/w-e-a
,1053937,,
,284880,,
184589,312745,Francis Holland Schools Trust,https://www.justgiving.com/fhst
189564,512907,Making Space,https://www.justgiving.com/makingspace
,527578,,
,309678,,
16666,209782,Together Trust,https://www.justgiving.com/togethertrust
52644,1018963,The Adolescent And Children's Trust (TACT),https://www.justgiving.com/tactcare
,312677,,
,1130254,,
,515517,,
,1126291,,
,1098740,,
188327,254140,Rapport Housing & Care,https://www.justgiving.com/thewishappeal
,1057611,,
,1081249,,
,1075125,,
113076,1060478,Greensleeves Homes Trust,https://www.justgiving.com/greensleeveshomestrust
,287120,,
52304,284967,Mission Care,https://www.justgiving.com/missioncare
,1076498,,
801769,1125376,Woldingham School Foundation,https://www.justgiving.com/woldingham-school
,311073,,
,281242,,
186175,310493,Ipswich School,https://www.justgiving.com/ipswichschool
,1101485,,
,200453,,
,1115638,,
,309639,,
,1077017,,
187553,1038860,Frontline AIDS,https://www.justgiving.com/aidsalliance
,292182,,
3054306,527180,Trent College,https://www.justgiving.com/trentcollege
,294377,,
,310864,,
,1105751,,
,310208,,
188810,514829,Mental Health Matters,https://www.justgiving.com/mentalhealthmatterssunderland
3100262,1086829,The Dean Close Foundation,https://www.justgiving.com/thedeanclosefoundation
,1015059,,
,309115,,
,311740,,
2656275,515755,Humankind Charity,https://www.justgiving.com/HumankindCharity
,260059,,
,310283,,
,307332,,
,510809,,
2449837,307063,Roedean School,https://www.justgiving.com/roedean-school
,313996,,
,312832,,
,234252,,
130199,1079327,Change Grow Live,https://www.justgiving.com/change-grow-live
,312762,,
,1103326,,
184176,504913,Linkage Community Trust Ltd,https://www.justgiving.com/linkage
719243,294832,Walsingham Support,https://www.justgiving.com/walsingham-support
2358532,502224,St Anne's Community Services,https://www.justgiving.com/stannescommunity-services
,205913,,
,294745,,
,1120949,,
,306576,,
,1098586,,
2571591,1110964,Woodbridge School Seckford Foundation,https://www.justgiving.com/seckfordfoundation
189312,233176,The British Academy,https://www.justgiving.com/britac
86605,1028260,North East Autism Society,https://www.justgiving.com/ne-as
,269433,,
102723,1048355,OSJCT,https://www.justgiving.com/osjct
,529205,,
2850396,519996,Community Integrated Care,https://www.justgiving.com/CommunityIntegratedCare
,1114383,,
185514,1090163,Thera Trust,https://www.justgiving.com/theratrust
2346013,289145,BPAS - British Pregnancy Advisory Service,https://www.justgiving.com/bpas
,313392,,
186609,1061582,Cranstoun,https://www.justgiving.com/cranstoun
,1118542,,
,1076456,,
,1104951,,
,1073332,,
2644326,510842,Birmingham Hippodrome Theatre Trust Ltd,https://www.justgiving.com/birminghamhippodrometheatre
,296375,,
186922,313343,BookTrust,https://www.justgiving.com/booktrust
2925527,1105500,Gresham's,https://www.justgiving.com/greshamssch
,1110286,,
,291489,,
235725,1130473,Avenues Group,https://www.justgiving.com/avenuesgroup
,800066,,
,1126980,,
,312930,,
,802427,,
189142,312826,Royal Academy of Dance,https://www.justgiving.com/royalacademyofdance
,703002,,
,292880,,
107406,1053866,Family Fund,https://www.justgiving.com/FamilyFund
,1033192,,
,272050,,
,1123381,,
,231060,,
,502791,,
,1079576,,
,1121344,,
,294085,,
219875,1111657,Orthopaedic Research UK,https://www.justgiving.com/orthopedic-researchuk
,1015648,,
189417,800529,Outward,https://www.justgiving.com/outward
107088,1053486,Cornwall Care,https://www.justgiving.com/cornwall-care
,209131,,
,1052183,,
,264289,,
,1081028,,
,1073334,,
,270901,,
,208076,,
,206061,,
,211136,,
,1084952,,
,1107623,,
,1089278,,
,1117185,,
,525938,,
,1108779,,
,271297,,
,296072,,
,228824,,
,230260,,
,288371,,
,1008587,,
,1125841,,
,1091434,,
,1107073,,
,1103644,,
,293851,,
,1106969,,
,1074701,,
,1092193,,
,1079836,,
,1104746,,
,1108793,,
,1035628,,
2955000,1091768,National Centre for Social Research,https://www.justgiving.com/natcen
,1074574,,
,1106102,,
26921,233480,BFBS,https://www.justgiving.com/bigsalute
,1106967,,
,298096,,
,223852,,
,1014986,,
,1107737,,
,1016972,,
,311096,,
,291583,,
,1074481,,
,285251,,
,257376,,
,1114504,,
,525774,,
2824225,1120192,"St Mary's University, Twickenham",https://www.justgiving.com/stmarysuni-twickenham
,1117952,,
,218093,,
,1090329,,
71077,1000392,david lewis,https://www.justgiving.com/dlcentre
,1101607,,
,1116258,,
,1105987,,
,1090412,,
,1104956,,
,1080254,,
,1113456,,
,1024741,,
,1114158,,
,282264,,
,1132097,,
,1108381,,
,1105727,,
,1092077,,
,1113219,,
,1107876,,
,264506,,
,311585,,
,1105813,,
,206495,,
,312929,,
,1116553,,
187787,1111346,Halton Housing Trust,https://www.justgiving.com/haltonhousing
,1113104,,
3210877,290511,National Energy Action (NEA),https://www.justgiving.com/nationalenergyaction
,257516,,
,264658,,
,278950,,
3113463,1092778,Social Care Institute for Excellence,https://www.justgiving.com/scie
,292786,,
,1091612,,
,1112582,,
,1105907,,
,202151,,
,1000328,,
,1114633,,
,1103896,,
,1123496,,
,219260,,
,306371,,
,702290,,
,1015243,,
,1058499,,
,1079797,,
,1066916,,
16791,210063,Royal British Legion Industries,https://www.justgiving.com/rbli
,1115322,,
,1102460,,
,269123,,
,1050724,,
,1079456,,
,1109786,,
,1112915,,
,1078179,,
,1087554,,
41387,266518,Aga Khan Foundation (United Kingdom),https://www.justgiving.com/akf
,228248,,
,1068617,,
,1126504,,
,1128926,,
,1017938,,
,1104989,,
,286967,,
,295981,,
,307854,,
,517149,,
,1118995,,
,1104723,,
,285627,,
,1107691,,
,306153,,
,297107,,
,230102,,
,1112196,,
,1109508,,
204844,525775,"National Library of Wales, Llyfrgell Genedlaethol Cymru",https://www.justgiving.com/nationallibrarywales
,1121955,,
,290350,,
,1111423,,
,701770,,
,1078394,,
,292824,,
,1120755,,
,1074516,,
,1099506,,
,1001704,,
,1093166,,
,1091035,,
,1062746,,
,1080820,,
,1046763,,
,271907,,
,244067,,
,1001586,,
186312,287779,Single Homeless Project,https://www.justgiving.com/singlehomelessproject
,1106852,,
,1121105,,
,1001390,,
,210066,,
,309112,,
,1034808,,
,1120644,,
,1086162,,
,1018517,,
,1059195,,
,1093653,,
,276784,,
,1091226,,
,311065,,
2354728,1031602,Westminster Drug Project (WDP),https://www.justgiving.com/westminsterdrugproject
,307427,,
,1017247,,
,1104833,,
141731,1091222,PML,https://www.justgiving.com/plymouthmarinelaboratory
,229642,,
,200051,,
66779,306214,Clayesmore School,https://www.justgiving.com/clayesmoreschool
248061,1010187,Certitude,https://www.justgiving.com/certitude
,307320,,
,1093914,,
,1105580,,
,1044940,,
,1102431,,
,1120597,,
,326279,,
,1012788,,
,1081809,,
,1096790,,
15801,207823,The Royal Society for the Prevention of Accidents,https://www.justgiving.com/rospa
,1074648,,
,291824,,
,1097271,,
71428,1000851,Ummah Welfare Trust,https://www.justgiving.com/uwt
,248226,,
,1093277,,
,1111608,,
,1120150,,
,1125603,,
,1109288,,
,1124189,,
,1123828,,
,1132771,,
,529589,,
,1119322,,
,1093739,,
,1132342,,
,1103029,,
,1001489,,
,1114250,,
,245698,,
,1081606,,
,1102937,,
,1119215,,
,1121595,,
,1122249,,
,1123904,,
,1118553,,
,1119628,,
,1121962,,
,1096689,,
,1122096,,
,700390,,
,1093425,,
,1127015,,
,1122655,,
,1120673,,
,1074610,,
,1120727,,
,800972,,
,1123727,,
,1124538,,
,1105630,,
,1122527,,
,1094132,,
,1093902,,
,1105922,,
,1088438,,
,700599,,
,1133094,,
,1091759,,
,1094171,,
,1103623,,
,803497,,
,1093849,,
,1131886,,
,803396,,
,1113900,,
,1068484,,
,234064,,
,1089438,,
,1103472,,
,328378,,
,306130,,
,1103958,,
